fan_id,item_name,amount
FAN_0600,Rockies Jersey,250
FAN_1200,Program,120
FAN_0087,Memorabilia,250
FAN_0238,Program,120
FAN_0629,Rockies Jersey,45
FAN_0505,Rockies Jersey,250
FAN_1070,Team Cap,250
FAN_0062,Rockies Jersey,250
FAN_0559,Rockies Jersey,250
FAN_0301,Program,45
FAN_1151,Rockies Jersey,45
FAN_1142,Memorabilia,250
FAN_0280,Team Cap,120
FAN_0947,Rockies Jersey,45
FAN_0369,Rockies Jersey,45
FAN_0473,Rockies Jersey,35
FAN_1187,Team Cap,35
FAN_0259,Memorabilia,250
FAN_1062,Memorabilia,35
FAN_0150,Memorabilia,35
FAN_0189,Memorabilia,120
FAN_0251,Rockies Jersey,120
FAN_0452,Team Cap,45
FAN_0327,Team Cap,120
FAN_0839,Program,35
FAN_0848,Memorabilia,35
FAN_0293,Rockies Jersey,250
FAN_0141,Program,250
FAN_0932,Team Cap,35
FAN_0398,Program,120
FAN_0610,Memorabilia,45
FAN_0693,Memorabilia,250
FAN_0351,Team Cap,250
FAN_0427,Team Cap,250
FAN_1062,Program,35
FAN_0331,Memorabilia,45
FAN_0376,Memorabilia,35
FAN_0277,Memorabilia,45
FAN_0153,Team Cap,250
FAN_1158,Team Cap,120
FAN_0649,Memorabilia,45
FAN_0245,Memorabilia,250
FAN_0594,Program,120
FAN_1188,Team Cap,250
FAN_0722,Program,35
FAN_0883,Program,250
FAN_0962,Memorabilia,45
FAN_0974,Memorabilia,120
FAN_1071,Program,120
FAN_0385,Rockies Jersey,35
FAN_0712,Memorabilia,45
FAN_0597,Program,45
FAN_0191,Memorabilia,250
FAN_1051,Team Cap,120
FAN_0846,Rockies Jersey,250
FAN_0020,Program,250
FAN_0515,Team Cap,250
FAN_0344,Rockies Jersey,45
FAN_0782,Rockies Jersey,45
FAN_1089,Program,250
FAN_0087,Program,45
FAN_0579,Program,45
FAN_1071,Memorabilia,120
FAN_0728,Team Cap,120
FAN_0781,Program,250
FAN_0895,Team Cap,45
FAN_0238,Memorabilia,45
FAN_0400,Team Cap,120
FAN_0908,Rockies Jersey,120
FAN_0036,Team Cap,120
FAN_0339,Rockies Jersey,120
FAN_0533,Rockies Jersey,120
FAN_0105,Rockies Jersey,120
FAN_0449,Memorabilia,250
FAN_0519,Memorabilia,45
FAN_1187,Team Cap,120
FAN_0038,Team Cap,35
FAN_0187,Rockies Jersey,120
FAN_0278,Team Cap,250
FAN_0131,Rockies Jersey,45
FAN_0165,Program,120
FAN_0797,Team Cap,35
FAN_0292,Rockies Jersey,120
FAN_0932,Team Cap,120
FAN_0124,Rockies Jersey,250
FAN_0919,Program,250
FAN_0595,Team Cap,45
FAN_0126,Memorabilia,250
FAN_0293,Program,120
FAN_0803,Rockies Jersey,250
FAN_1021,Team Cap,35
FAN_0749,Rockies Jersey,120
FAN_0157,Memorabilia,45
FAN_0777,Memorabilia,35
FAN_0379,Rockies Jersey,250
FAN_1113,Rockies Jersey,250
FAN_0740,Memorabilia,45
FAN_0963,Rockies Jersey,35
FAN_0644,Memorabilia,250
FAN_1027,Memorabilia,250
FAN_0383,Program,45
FAN_0627,Memorabilia,120
FAN_0441,Rockies Jersey,250
FAN_0694,Program,35
FAN_0545,Rockies Jersey,250
FAN_0735,Memorabilia,120
FAN_1056,Rockies Jersey,45
FAN_0362,Memorabilia,250
FAN_0945,Team Cap,250
FAN_0410,Rockies Jersey,250
FAN_0776,Rockies Jersey,45
FAN_1150,Memorabilia,35
FAN_0479,Memorabilia,45
FAN_0067,Memorabilia,45
FAN_0789,Program,250
FAN_0031,Team Cap,250
FAN_1141,Rockies Jersey,35
FAN_1033,Rockies Jersey,35
FAN_1199,Rockies Jersey,120
FAN_0593,Team Cap,45
FAN_0452,Program,250
FAN_0087,Memorabilia,35
FAN_0824,Team Cap,35
FAN_0208,Program,35
FAN_0448,Program,45
FAN_0383,Memorabilia,250
FAN_0002,Program,250
FAN_0983,Rockies Jersey,45
FAN_0824,Rockies Jersey,45
FAN_0196,Memorabilia,120
FAN_0130,Rockies Jersey,45
FAN_0968,Memorabilia,35
FAN_0078,Program,45
FAN_0666,Team Cap,35
FAN_0628,Team Cap,120
FAN_0131,Team Cap,35
FAN_0736,Program,45
FAN_0041,Rockies Jersey,250
FAN_1034,Rockies Jersey,35
FAN_1021,Memorabilia,35
FAN_0163,Program,120
FAN_0175,Rockies Jersey,250
FAN_0231,Program,45
FAN_0080,Team Cap,45
FAN_0466,Program,250
FAN_0881,Memorabilia,120
FAN_0386,Memorabilia,45
FAN_1138,Rockies Jersey,120
FAN_0592,Team Cap,250
FAN_0175,Rockies Jersey,45
FAN_0555,Team Cap,250
FAN_1187,Rockies Jersey,120
FAN_0302,Rockies Jersey,35
FAN_0609,Memorabilia,120
FAN_0093,Memorabilia,35
FAN_0433,Rockies Jersey,120
FAN_0374,Program,250
FAN_0697,Memorabilia,45
FAN_1170,Team Cap,120
FAN_1090,Memorabilia,120
FAN_0488,Memorabilia,35
FAN_1169,Program,120
FAN_0350,Rockies Jersey,250
FAN_1016,Rockies Jersey,120
FAN_0853,Memorabilia,35
FAN_1046,Memorabilia,45
FAN_0517,Program,35
FAN_1019,Rockies Jersey,120
FAN_0737,Program,45
FAN_0059,Team Cap,45
FAN_1082,Program,35
FAN_0503,Rockies Jersey,250
FAN_0177,Memorabilia,250
FAN_0319,Program,45
FAN_0733,Program,35
FAN_0331,Program,35
FAN_0871,Rockies Jersey,120
FAN_0991,Rockies Jersey,250
FAN_0516,Team Cap,45
FAN_0150,Team Cap,35
FAN_0433,Rockies Jersey,250
FAN_0641,Rockies Jersey,250
FAN_0640,Memorabilia,45
FAN_0992,Rockies Jersey,35
FAN_0409,Rockies Jersey,250
FAN_0797,Memorabilia,250
FAN_0217,Program,250
FAN_0173,Rockies Jersey,45
FAN_0524,Team Cap,45
FAN_1164,Rockies Jersey,250
FAN_0591,Program,35
FAN_0293,Program,45
FAN_0190,Rockies Jersey,45
FAN_0673,Team Cap,250
FAN_0999,Memorabilia,45
FAN_0886,Program,45
FAN_1010,Memorabilia,35
FAN_0779,Memorabilia,250
FAN_0098,Program,120
FAN_0832,Team Cap,250
FAN_0532,Program,35
FAN_0517,Rockies Jersey,250
FAN_0829,Team Cap,45
FAN_0552,Memorabilia,35
FAN_0474,Rockies Jersey,120
FAN_0730,Rockies Jersey,45
FAN_0114,Team Cap,250
FAN_0748,Memorabilia,45
FAN_0250,Memorabilia,120
FAN_1185,Program,120
FAN_1165,Memorabilia,45
FAN_0059,Program,35
FAN_1016,Program,120
FAN_0966,Program,35
FAN_0343,Program,120
FAN_0256,Team Cap,45
FAN_0020,Program,35
FAN_0805,Program,120
FAN_0532,Program,45
FAN_1119,Memorabilia,120
FAN_0297,Team Cap,45
FAN_0401,Memorabilia,120
FAN_0478,Rockies Jersey,45
FAN_0137,Rockies Jersey,120
FAN_0438,Memorabilia,250
FAN_1014,Memorabilia,250
FAN_1051,Memorabilia,45
FAN_0662,Rockies Jersey,250
FAN_0335,Rockies Jersey,120
FAN_0636,Team Cap,250
FAN_0222,Memorabilia,35
FAN_1185,Rockies Jersey,45
FAN_0008,Program,250
FAN_0936,Memorabilia,35
FAN_0661,Memorabilia,250
FAN_1004,Team Cap,45
FAN_0227,Rockies Jersey,120
FAN_0369,Rockies Jersey,120
FAN_1053,Program,250
FAN_0091,Program,250
FAN_1070,Rockies Jersey,250
FAN_0909,Memorabilia,45
FAN_0493,Memorabilia,250
FAN_1172,Memorabilia,45
FAN_0302,Rockies Jersey,120
FAN_0985,Program,35
FAN_0031,Rockies Jersey,35
FAN_0800,Program,45
FAN_0146,Memorabilia,45
FAN_1012,Rockies Jersey,35
FAN_0578,Program,45
FAN_0079,Memorabilia,35
FAN_0709,Memorabilia,250
FAN_0108,Team Cap,250
FAN_0631,Rockies Jersey,35
FAN_0748,Team Cap,45
FAN_0182,Program,120
FAN_0221,Rockies Jersey,120
FAN_0633,Program,250
FAN_0454,Program,120
FAN_1095,Team Cap,45
FAN_0619,Team Cap,120
FAN_0633,Memorabilia,35
FAN_0119,Rockies Jersey,250
FAN_0840,Team Cap,35
FAN_0325,Team Cap,35
FAN_0245,Memorabilia,120
FAN_0461,Rockies Jersey,35
FAN_0755,Memorabilia,250
FAN_0361,Rockies Jersey,35
FAN_0591,Rockies Jersey,45
FAN_0375,Rockies Jersey,120
FAN_0582,Rockies Jersey,250
FAN_0180,Team Cap,35
FAN_0654,Program,35
FAN_0429,Program,120
FAN_0466,Memorabilia,35
FAN_0432,Program,45
FAN_1134,Memorabilia,45
FAN_0715,Team Cap,250
FAN_0247,Memorabilia,250
FAN_0527,Rockies Jersey,45
FAN_0422,Memorabilia,35
FAN_0561,Program,120
FAN_0852,Program,35
FAN_0081,Program,35
FAN_0607,Memorabilia,35
FAN_0165,Rockies Jersey,120
FAN_0810,Program,45
FAN_0526,Memorabilia,250
FAN_1087,Rockies Jersey,45
FAN_0977,Program,45
FAN_0387,Program,120
FAN_0509,Rockies Jersey,45
FAN_0165,Memorabilia,250
FAN_0067,Team Cap,45
FAN_0271,Memorabilia,35
FAN_0816,Team Cap,250
FAN_0370,Rockies Jersey,45
FAN_1041,Rockies Jersey,45
FAN_0650,Memorabilia,35
FAN_0836,Memorabilia,45
FAN_1057,Rockies Jersey,250
FAN_0907,Program,45
FAN_0234,Team Cap,120
FAN_0306,Memorabilia,120
FAN_0247,Memorabilia,35
FAN_0031,Team Cap,250
FAN_0309,Rockies Jersey,250
FAN_0950,Team Cap,35
FAN_0869,Rockies Jersey,250
FAN_0617,Program,45
FAN_0906,Rockies Jersey,250
FAN_0832,Program,250
FAN_0938,Team Cap,45
FAN_0014,Program,120
FAN_0113,Rockies Jersey,120
FAN_0813,Team Cap,35
FAN_0643,Team Cap,120
FAN_0304,Rockies Jersey,120
FAN_0583,Memorabilia,45
FAN_0667,Rockies Jersey,120
FAN_0982,Rockies Jersey,120
FAN_0191,Memorabilia,45
FAN_0098,Team Cap,250
FAN_0070,Program,250
FAN_0684,Team Cap,120
FAN_0345,Memorabilia,250
FAN_0042,Team Cap,120
FAN_0177,Rockies Jersey,250
FAN_0725,Rockies Jersey,35
FAN_0791,Rockies Jersey,250
FAN_0492,Memorabilia,35
FAN_1131,Memorabilia,45
FAN_0480,Memorabilia,35
FAN_1059,Rockies Jersey,35
FAN_0182,Memorabilia,120
FAN_0159,Team Cap,45
FAN_0399,Memorabilia,35
FAN_0967,Memorabilia,45
FAN_1033,Rockies Jersey,45
FAN_0484,Memorabilia,250
FAN_0505,Memorabilia,45
FAN_0742,Team Cap,45
FAN_0206,Program,45
FAN_1175,Rockies Jersey,35
FAN_0087,Memorabilia,45
FAN_0967,Team Cap,45
FAN_0066,Memorabilia,35
FAN_0335,Program,45
FAN_0136,Rockies Jersey,120
FAN_0124,Rockies Jersey,35
FAN_0602,Memorabilia,250
FAN_0289,Rockies Jersey,35
FAN_0675,Team Cap,45
FAN_0253,Rockies Jersey,120
FAN_0565,Rockies Jersey,35
FAN_0198,Team Cap,250
FAN_0860,Memorabilia,120
FAN_0976,Memorabilia,35
FAN_0444,Team Cap,35
FAN_0433,Rockies Jersey,45
FAN_0480,Rockies Jersey,120
FAN_0649,Program,250
FAN_0030,Program,120
FAN_0815,Program,120
FAN_0985,Memorabilia,45
FAN_0880,Rockies Jersey,35
FAN_0485,Memorabilia,120
FAN_0105,Team Cap,250
FAN_0380,Team Cap,120
FAN_0835,Rockies Jersey,45
FAN_1084,Rockies Jersey,120
FAN_0863,Team Cap,120
FAN_0245,Program,35
FAN_0270,Team Cap,35
FAN_0807,Rockies Jersey,120
FAN_0459,Team Cap,250
FAN_0016,Memorabilia,120
FAN_0863,Team Cap,120
FAN_1144,Memorabilia,250
FAN_0327,Memorabilia,250
FAN_0262,Memorabilia,250
FAN_1144,Team Cap,250
FAN_0728,Memorabilia,250
FAN_0800,Team Cap,250
FAN_0067,Program,45
FAN_0416,Program,250
FAN_0556,Memorabilia,45
FAN_0534,Rockies Jersey,35
FAN_0060,Rockies Jersey,250
FAN_0776,Team Cap,45
FAN_0832,Program,120
FAN_0762,Program,45
FAN_0966,Memorabilia,35
FAN_0367,Rockies Jersey,35
FAN_0924,Team Cap,250
FAN_1151,Rockies Jersey,120
FAN_0207,Program,35
FAN_0946,Memorabilia,45
FAN_0045,Team Cap,35
FAN_1046,Memorabilia,45
FAN_1120,Team Cap,250
FAN_0465,Team Cap,120
FAN_0269,Program,45
FAN_0350,Rockies Jersey,35
FAN_1058,Team Cap,45
FAN_0992,Memorabilia,250
FAN_1123,Rockies Jersey,45
FAN_0316,Team Cap,120
FAN_0471,Rockies Jersey,45
FAN_0055,Memorabilia,250
FAN_0218,Program,120
FAN_0703,Team Cap,250
FAN_0382,Memorabilia,250
FAN_0320,Team Cap,120
FAN_0820,Rockies Jersey,120
FAN_1064,Team Cap,45
FAN_1046,Memorabilia,250
FAN_0448,Team Cap,120
FAN_0108,Program,120
FAN_0093,Rockies Jersey,45
FAN_0981,Rockies Jersey,250
FAN_0244,Team Cap,120
FAN_1013,Team Cap,45
FAN_0786,Rockies Jersey,35
FAN_0489,Memorabilia,45
FAN_1042,Team Cap,250
FAN_0934,Team Cap,35
FAN_1111,Memorabilia,45
FAN_0630,Rockies Jersey,45
FAN_0624,Program,120
FAN_0531,Team Cap,45
FAN_0487,Program,120
FAN_0795,Memorabilia,120
FAN_0266,Memorabilia,35
FAN_0488,Program,120
FAN_0172,Memorabilia,250
FAN_1094,Memorabilia,120
FAN_1074,Rockies Jersey,120
FAN_0420,Memorabilia,35
FAN_0591,Memorabilia,250
FAN_0313,Rockies Jersey,45
FAN_0050,Rockies Jersey,250
FAN_0007,Memorabilia,35
FAN_0849,Program,120
FAN_1023,Rockies Jersey,120
FAN_0811,Memorabilia,250
FAN_0437,Rockies Jersey,45
FAN_0995,Memorabilia,250
FAN_1071,Rockies Jersey,120
FAN_0857,Memorabilia,120
FAN_0070,Team Cap,35
FAN_0995,Memorabilia,120
FAN_0001,Program,250
FAN_0621,Rockies Jersey,120
FAN_0146,Program,35
FAN_0153,Rockies Jersey,250
FAN_0908,Rockies Jersey,45
FAN_0259,Memorabilia,45
FAN_0499,Team Cap,45
FAN_0591,Memorabilia,45
FAN_0031,Program,120
FAN_0936,Rockies Jersey,250
FAN_0058,Program,35
FAN_0700,Rockies Jersey,45
FAN_0686,Rockies Jersey,45
FAN_0389,Rockies Jersey,250
FAN_1085,Memorabilia,250
FAN_1019,Rockies Jersey,120
FAN_0395,Memorabilia,35
FAN_0630,Program,250
FAN_0059,Program,250
FAN_0279,Rockies Jersey,45
FAN_0568,Memorabilia,35
FAN_0186,Program,35
FAN_0193,Rockies Jersey,250
FAN_0183,Memorabilia,120
FAN_0069,Program,250
FAN_0703,Program,250
FAN_0198,Memorabilia,35
FAN_1035,Memorabilia,250
FAN_0326,Team Cap,120
FAN_1075,Memorabilia,45
FAN_0655,Rockies Jersey,45
FAN_0850,Team Cap,45
FAN_1038,Program,250
FAN_0462,Program,250
FAN_0587,Team Cap,35
FAN_0065,Memorabilia,250
FAN_0510,Rockies Jersey,45
FAN_0665,Program,35
FAN_1145,Memorabilia,250
FAN_0353,Program,35
FAN_0050,Program,35
FAN_0690,Team Cap,35
FAN_0709,Team Cap,35
FAN_0311,Memorabilia,120
FAN_0484,Memorabilia,35
FAN_0352,Team Cap,45
FAN_0673,Team Cap,120
FAN_0502,Rockies Jersey,45
FAN_0393,Rockies Jersey,35
FAN_0542,Memorabilia,35
FAN_0448,Team Cap,35
FAN_0026,Memorabilia,250
FAN_1196,Team Cap,45
FAN_0802,Rockies Jersey,250
FAN_0065,Program,120
FAN_0289,Program,120
FAN_0007,Rockies Jersey,45
FAN_0972,Team Cap,250
FAN_1069,Program,250
FAN_0400,Program,250
FAN_0450,Program,120
FAN_1001,Team Cap,35
FAN_1027,Team Cap,45
FAN_0615,Memorabilia,120
FAN_0211,Memorabilia,250
FAN_1095,Rockies Jersey,45
FAN_0397,Memorabilia,45
FAN_1109,Rockies Jersey,120
FAN_0232,Team Cap,45
FAN_0902,Program,35
FAN_0723,Memorabilia,120
FAN_0869,Memorabilia,35
FAN_0522,Rockies Jersey,250
FAN_0898,Team Cap,45
FAN_0407,Rockies Jersey,35
FAN_0469,Rockies Jersey,35
FAN_0097,Rockies Jersey,35
FAN_0768,Rockies Jersey,120
FAN_0121,Rockies Jersey,45
FAN_1184,Memorabilia,250
FAN_0302,Team Cap,250
FAN_0488,Rockies Jersey,45
FAN_0340,Memorabilia,45
FAN_0208,Team Cap,250
FAN_1023,Memorabilia,35
FAN_0015,Memorabilia,120
FAN_0374,Rockies Jersey,45
FAN_0290,Team Cap,35
FAN_1075,Rockies Jersey,120
FAN_0037,Program,45
FAN_0572,Team Cap,35
FAN_0912,Memorabilia,250
FAN_0261,Rockies Jersey,45
FAN_0832,Rockies Jersey,250
FAN_0833,Program,120
FAN_0072,Team Cap,250
FAN_0775,Memorabilia,250
FAN_0507,Rockies Jersey,250
FAN_0901,Team Cap,35
FAN_1171,Rockies Jersey,250
FAN_0680,Memorabilia,35
FAN_0270,Memorabilia,120
FAN_0615,Team Cap,45
FAN_0106,Rockies Jersey,120
FAN_0870,Rockies Jersey,35
FAN_0698,Memorabilia,120
FAN_0389,Program,45
FAN_0126,Program,35
FAN_0959,Program,250
FAN_0960,Team Cap,35
FAN_1088,Memorabilia,250
FAN_0394,Team Cap,45
FAN_0088,Memorabilia,45
FAN_0667,Team Cap,120
FAN_0315,Memorabilia,45
FAN_0544,Program,250
FAN_0373,Team Cap,250
FAN_1068,Memorabilia,45
FAN_0603,Rockies Jersey,45
FAN_1159,Team Cap,45
FAN_0234,Team Cap,120
FAN_0258,Rockies Jersey,35
FAN_0807,Program,45
FAN_1121,Team Cap,120
FAN_0577,Memorabilia,35
FAN_0039,Memorabilia,120
FAN_1080,Team Cap,250
FAN_0770,Rockies Jersey,35
FAN_1018,Program,250
FAN_0117,Team Cap,35
FAN_0851,Program,250
FAN_0891,Memorabilia,45
FAN_0060,Team Cap,35
FAN_0876,Memorabilia,35
FAN_0426,Program,45
FAN_0534,Rockies Jersey,45
FAN_0111,Program,120
FAN_0042,Team Cap,120
FAN_0939,Memorabilia,35
FAN_0184,Team Cap,120
FAN_1112,Rockies Jersey,120
FAN_0277,Rockies Jersey,250
FAN_0952,Program,45
FAN_0881,Memorabilia,120
FAN_0704,Rockies Jersey,250
FAN_0253,Team Cap,120
FAN_0942,Program,120
FAN_0324,Memorabilia,120
FAN_0025,Memorabilia,250
FAN_0332,Team Cap,35
FAN_0597,Memorabilia,45
FAN_0641,Memorabilia,45
FAN_0925,Rockies Jersey,250
FAN_1135,Team Cap,45
FAN_0123,Team Cap,45
FAN_0026,Program,120
FAN_0974,Program,35
FAN_0615,Program,250
FAN_0708,Memorabilia,35
FAN_0469,Memorabilia,250
FAN_0289,Memorabilia,250
FAN_0264,Program,45
FAN_0622,Program,250
FAN_1149,Memorabilia,120
FAN_0802,Team Cap,35
FAN_0213,Memorabilia,35
FAN_0365,Team Cap,45
FAN_0878,Team Cap,250
FAN_0699,Memorabilia,35
FAN_0646,Rockies Jersey,45
FAN_0273,Rockies Jersey,250
FAN_0340,Memorabilia,45
FAN_0408,Team Cap,35
FAN_0799,Memorabilia,120
FAN_0875,Program,120
FAN_0961,Program,250
FAN_0366,Team Cap,120
FAN_0963,Program,35
FAN_0652,Program,120
FAN_1117,Team Cap,250
FAN_0625,Team Cap,45
FAN_0369,Rockies Jersey,45
FAN_0635,Rockies Jersey,250
FAN_0498,Program,35
FAN_0406,Memorabilia,120
FAN_0854,Memorabilia,35
FAN_0393,Team Cap,35
FAN_0767,Team Cap,45
FAN_0459,Memorabilia,250
FAN_0521,Program,35
FAN_1063,Memorabilia,250
FAN_0998,Rockies Jersey,45
FAN_0003,Memorabilia,45
FAN_1013,Program,120
FAN_0849,Rockies Jersey,45
FAN_0068,Rockies Jersey,35
FAN_0920,Program,250
FAN_0725,Program,45
FAN_0782,Program,35
FAN_0659,Rockies Jersey,35
FAN_1122,Memorabilia,250
FAN_0887,Rockies Jersey,35
FAN_0527,Team Cap,35
FAN_0963,Rockies Jersey,250
FAN_0226,Memorabilia,35
FAN_0165,Program,35
FAN_0398,Rockies Jersey,45
FAN_0930,Rockies Jersey,120
FAN_0347,Memorabilia,35
FAN_0300,Program,35
FAN_1092,Rockies Jersey,120
FAN_1001,Memorabilia,120
FAN_0010,Team Cap,35
FAN_1082,Team Cap,120
FAN_0125,Program,45
FAN_0413,Rockies Jersey,35
FAN_0950,Rockies Jersey,250
FAN_1009,Rockies Jersey,45
FAN_0954,Team Cap,35
FAN_0813,Rockies Jersey,45
FAN_0972,Program,250
FAN_1121,Memorabilia,250
FAN_0774,Memorabilia,250
FAN_0941,Program,35
FAN_1179,Program,45
FAN_1101,Team Cap,35
FAN_0951,Team Cap,45
FAN_0913,Memorabilia,45
FAN_0543,Rockies Jersey,120
FAN_0228,Rockies Jersey,120
FAN_0775,Memorabilia,250
FAN_0749,Program,120
FAN_0739,Team Cap,250
FAN_0259,Rockies Jersey,120
FAN_0775,Program,35
FAN_0925,Rockies Jersey,120
FAN_0716,Team Cap,250
FAN_0014,Program,45
FAN_1024,Rockies Jersey,120
FAN_0728,Team Cap,250
FAN_0366,Rockies Jersey,120
FAN_1108,Memorabilia,120
FAN_0598,Rockies Jersey,120
FAN_0584,Program,45
FAN_0363,Rockies Jersey,120
FAN_1145,Team Cap,120
FAN_0421,Team Cap,35
FAN_0777,Memorabilia,120
FAN_1148,Memorabilia,120
FAN_0037,Program,45
FAN_0465,Memorabilia,45
FAN_0735,Rockies Jersey,120
FAN_0470,Team Cap,45
FAN_0635,Team Cap,120
FAN_0988,Team Cap,35
FAN_0725,Program,250
FAN_0717,Memorabilia,45
FAN_0344,Memorabilia,120
FAN_0440,Program,45
FAN_0412,Program,35
FAN_0072,Team Cap,35
FAN_1070,Rockies Jersey,250
FAN_0288,Team Cap,45
FAN_0454,Memorabilia,45
FAN_0365,Memorabilia,35
FAN_0125,Team Cap,35
FAN_0606,Program,120
FAN_0689,Memorabilia,120
FAN_0376,Rockies Jersey,250
FAN_0293,Program,250
FAN_0247,Rockies Jersey,35
FAN_0534,Program,35
FAN_0095,Rockies Jersey,45
FAN_0823,Team Cap,120
FAN_0925,Program,45
FAN_0923,Team Cap,250
FAN_0863,Memorabilia,35
FAN_0577,Team Cap,250
FAN_1136,Rockies Jersey,45
FAN_0958,Memorabilia,45
FAN_0068,Rockies Jersey,120
FAN_0645,Memorabilia,250
FAN_1022,Program,250
FAN_0944,Memorabilia,35
FAN_1178,Team Cap,120
FAN_0539,Rockies Jersey,35
FAN_0818,Program,35
FAN_0835,Rockies Jersey,45
FAN_0109,Rockies Jersey,35
FAN_0785,Program,250
FAN_0132,Program,45
FAN_0142,Program,250
FAN_0664,Team Cap,35
FAN_1087,Program,45
FAN_0424,Memorabilia,45
FAN_0922,Team Cap,120
FAN_1198,Rockies Jersey,120
FAN_0803,Memorabilia,35
FAN_0612,Rockies Jersey,250
FAN_0504,Program,250
FAN_0924,Team Cap,120
FAN_0496,Team Cap,35
FAN_0191,Team Cap,120
FAN_0873,Program,35
FAN_0125,Memorabilia,45
FAN_0601,Team Cap,120
FAN_0088,Team Cap,45
FAN_1089,Team Cap,45
FAN_0012,Memorabilia,120
FAN_0476,Program,35
FAN_0054,Memorabilia,120
FAN_1150,Team Cap,120
FAN_0957,Rockies Jersey,35
FAN_0861,Team Cap,250
FAN_1061,Rockies Jersey,45
FAN_0426,Memorabilia,45
FAN_1141,Rockies Jersey,250
FAN_0403,Memorabilia,250
FAN_0147,Memorabilia,250
FAN_1139,Rockies Jersey,120
FAN_0337,Program,120
FAN_0480,Rockies Jersey,35
FAN_0928,Memorabilia,45
FAN_0040,Memorabilia,35
FAN_0885,Team Cap,120
FAN_0671,Team Cap,35
FAN_0872,Memorabilia,120
FAN_0711,Program,250
FAN_0425,Program,120
FAN_0432,Program,35
FAN_0258,Program,35
FAN_0069,Rockies Jersey,250
FAN_0288,Team Cap,120
FAN_0699,Team Cap,35
FAN_0987,Memorabilia,35
FAN_0971,Memorabilia,35
FAN_0821,Program,45
FAN_0451,Memorabilia,250
FAN_1093,Rockies Jersey,45
FAN_0969,Rockies Jersey,45
FAN_0828,Memorabilia,120
FAN_0109,Program,45
FAN_0604,Program,45
FAN_0132,Team Cap,35
FAN_0238,Team Cap,45
FAN_0435,Rockies Jersey,250
FAN_0202,Team Cap,45
FAN_1111,Memorabilia,250
FAN_0852,Program,250
FAN_0598,Program,35
FAN_0856,Memorabilia,250
FAN_0421,Team Cap,35
FAN_0769,Program,120
FAN_0280,Memorabilia,35
FAN_1027,Program,45
FAN_0219,Program,35
FAN_0172,Memorabilia,250
FAN_0408,Program,45
FAN_0638,Team Cap,45
FAN_0135,Team Cap,120
FAN_0194,Rockies Jersey,45
FAN_0397,Team Cap,45
FAN_1124,Memorabilia,45
FAN_0050,Program,45
FAN_0355,Memorabilia,250
FAN_0698,Memorabilia,45
FAN_0357,Program,120
FAN_0643,Rockies Jersey,45
FAN_0772,Program,35
FAN_0412,Rockies Jersey,35
FAN_0913,Rockies Jersey,250
FAN_0807,Rockies Jersey,45
FAN_0607,Memorabilia,250
FAN_0831,Program,35
FAN_0540,Team Cap,45
FAN_1066,Memorabilia,35
FAN_0190,Team Cap,35
FAN_0239,Program,120
FAN_0712,Team Cap,250
FAN_0316,Team Cap,120
FAN_0099,Memorabilia,250
FAN_0985,Memorabilia,120
FAN_0760,Rockies Jersey,35
FAN_1002,Memorabilia,120
FAN_0783,Team Cap,250
FAN_0337,Memorabilia,120
FAN_1156,Rockies Jersey,35
FAN_0320,Program,45
FAN_0568,Team Cap,120
FAN_0953,Team Cap,35
FAN_1024,Team Cap,250
FAN_0255,Program,35
FAN_0670,Program,35
FAN_0361,Team Cap,35
FAN_0533,Memorabilia,250
FAN_0641,Memorabilia,35
FAN_1051,Rockies Jersey,35
FAN_0957,Program,35
FAN_0578,Team Cap,120
FAN_0028,Program,250
FAN_0340,Team Cap,45
FAN_0635,Memorabilia,120
FAN_0476,Team Cap,45
FAN_0243,Memorabilia,45
FAN_1035,Team Cap,45
FAN_0031,Team Cap,250
FAN_1098,Rockies Jersey,120
FAN_0533,Team Cap,250
FAN_0988,Rockies Jersey,120
FAN_0018,Rockies Jersey,45
FAN_0740,Memorabilia,250
FAN_0634,Program,45
FAN_0209,Memorabilia,35
FAN_0995,Program,35
FAN_0606,Team Cap,250
FAN_0405,Memorabilia,250
FAN_0821,Team Cap,120
FAN_0582,Rockies Jersey,120
FAN_0353,Program,120
FAN_1105,Rockies Jersey,120
FAN_0885,Team Cap,35
FAN_0110,Program,250
FAN_0661,Team Cap,45
FAN_0029,Team Cap,35
FAN_1149,Memorabilia,35
FAN_0526,Memorabilia,35
FAN_1175,Team Cap,120
FAN_0139,Team Cap,250
FAN_0761,Team Cap,120
FAN_0704,Program,250
FAN_0565,Program,250
FAN_0253,Program,120
FAN_0012,Rockies Jersey,250
FAN_0998,Program,120
FAN_0209,Rockies Jersey,120
FAN_0809,Rockies Jersey,120
FAN_0014,Memorabilia,120
FAN_0748,Memorabilia,250
FAN_0721,Rockies Jersey,120
FAN_0324,Program,250
FAN_0817,Rockies Jersey,250
FAN_1097,Program,45
FAN_1006,Rockies Jersey,120
FAN_0167,Rockies Jersey,45
FAN_0303,Program,120
FAN_0120,Team Cap,250
FAN_0634,Team Cap,35
FAN_0714,Rockies Jersey,250
FAN_0617,Memorabilia,250
FAN_1035,Memorabilia,35
FAN_0697,Program,35
FAN_0186,Memorabilia,45
FAN_0343,Memorabilia,120
FAN_0702,Program,120
FAN_0750,Program,35
FAN_0070,Team Cap,250
FAN_0159,Rockies Jersey,120
FAN_0689,Program,250
FAN_1053,Team Cap,45
FAN_0058,Rockies Jersey,120
FAN_0547,Rockies Jersey,250
FAN_0757,Program,120
FAN_0269,Rockies Jersey,35
FAN_0807,Program,35
FAN_0836,Memorabilia,120
FAN_0873,Team Cap,120
FAN_0858,Team Cap,35
FAN_0543,Rockies Jersey,45
FAN_0435,Team Cap,120
FAN_1112,Program,250
FAN_0996,Rockies Jersey,120
FAN_0397,Rockies Jersey,45
FAN_1173,Rockies Jersey,45
FAN_0830,Team Cap,45
FAN_0884,Memorabilia,250
FAN_0388,Program,45
FAN_0892,Memorabilia,250
FAN_1168,Team Cap,250
FAN_0833,Team Cap,35
FAN_0431,Team Cap,35
FAN_0315,Memorabilia,45
FAN_0964,Rockies Jersey,120
FAN_0986,Team Cap,35
FAN_0417,Program,35
FAN_0533,Memorabilia,35
FAN_0586,Team Cap,250
FAN_0597,Program,120
FAN_0843,Program,35
FAN_0396,Memorabilia,120
FAN_0823,Rockies Jersey,250
FAN_0735,Memorabilia,250
FAN_0108,Program,45
FAN_0316,Program,120
FAN_0099,Team Cap,45
FAN_0728,Team Cap,35
FAN_0674,Rockies Jersey,45
FAN_0187,Rockies Jersey,35
FAN_0929,Rockies Jersey,45
FAN_1145,Program,250
FAN_1184,Program,120
FAN_1047,Program,45
FAN_0811,Program,35
FAN_1021,Team Cap,120
FAN_0486,Rockies Jersey,120
FAN_0885,Memorabilia,45
FAN_0569,Memorabilia,35
FAN_0527,Rockies Jersey,45
FAN_0281,Team Cap,35
FAN_0827,Program,250
FAN_0172,Team Cap,45
FAN_0441,Program,120
FAN_0377,Team Cap,45
FAN_0053,Memorabilia,35
FAN_0865,Team Cap,35
FAN_0802,Program,250
FAN_0151,Rockies Jersey,250
FAN_0202,Memorabilia,120
FAN_1147,Team Cap,35
FAN_0162,Memorabilia,250
FAN_0687,Memorabilia,250
FAN_0584,Team Cap,120
FAN_1004,Program,120
FAN_1004,Memorabilia,35
FAN_0556,Team Cap,120
FAN_0555,Memorabilia,250
FAN_0557,Team Cap,35
FAN_0190,Team Cap,45
FAN_0525,Program,45
FAN_0960,Program,120
FAN_0126,Memorabilia,250
FAN_0968,Memorabilia,120
FAN_1052,Team Cap,35
FAN_0954,Team Cap,120
FAN_0183,Memorabilia,35
FAN_0001,Team Cap,45
FAN_0051,Team Cap,250
FAN_0277,Program,120
FAN_0311,Program,120
FAN_0609,Program,45
FAN_0211,Program,250
FAN_0582,Rockies Jersey,250
FAN_1068,Team Cap,120
FAN_0546,Memorabilia,45
FAN_0956,Program,120
FAN_0436,Rockies Jersey,120
FAN_1041,Team Cap,250
FAN_0341,Rockies Jersey,35
FAN_0912,Rockies Jersey,35
FAN_1169,Team Cap,250
FAN_1169,Team Cap,45
FAN_0503,Team Cap,35
FAN_0283,Program,45
FAN_0840,Program,35
FAN_0799,Rockies Jersey,120
FAN_0174,Rockies Jersey,35
FAN_0623,Memorabilia,250
FAN_0616,Memorabilia,120
FAN_0231,Rockies Jersey,45
FAN_0629,Team Cap,250
FAN_1058,Team Cap,250
FAN_0134,Program,35
FAN_0340,Team Cap,45
FAN_1162,Program,250
FAN_0503,Rockies Jersey,45
FAN_0973,Rockies Jersey,35
FAN_0168,Program,35
FAN_0571,Program,45
FAN_0269,Memorabilia,120
FAN_0149,Memorabilia,45
FAN_1094,Memorabilia,250
FAN_0577,Memorabilia,120
FAN_0994,Memorabilia,250
FAN_0837,Memorabilia,45
FAN_0086,Team Cap,45
FAN_0126,Rockies Jersey,45
FAN_0626,Memorabilia,250
FAN_0845,Program,45
FAN_0646,Memorabilia,35
FAN_0824,Rockies Jersey,250
FAN_0678,Team Cap,120
FAN_0801,Rockies Jersey,45
FAN_0709,Program,250
FAN_0568,Rockies Jersey,35
FAN_0871,Memorabilia,45
FAN_1044,Team Cap,120
FAN_0119,Memorabilia,120
FAN_0344,Rockies Jersey,45
FAN_0341,Memorabilia,250
FAN_0110,Team Cap,250
FAN_0320,Rockies Jersey,45
FAN_1043,Program,45
FAN_0833,Memorabilia,250
FAN_0952,Program,35
FAN_0038,Program,120
FAN_0574,Program,45
FAN_1099,Memorabilia,35
FAN_0090,Program,250
FAN_0954,Program,250
FAN_0738,Program,120
FAN_0619,Memorabilia,250
FAN_0445,Program,120
FAN_0653,Memorabilia,120
FAN_0392,Program,120
FAN_0385,Program,250
FAN_1006,Memorabilia,45
FAN_1177,Rockies Jersey,250
FAN_0325,Memorabilia,120
FAN_0661,Rockies Jersey,120
FAN_0737,Program,120
FAN_0592,Program,45
FAN_0960,Memorabilia,250
FAN_0960,Team Cap,45
FAN_0294,Program,35
FAN_0892,Program,45
FAN_0717,Team Cap,250
FAN_0084,Team Cap,45
FAN_0904,Rockies Jersey,45
FAN_0481,Program,120
FAN_0570,Rockies Jersey,35
FAN_0771,Team Cap,45
FAN_1107,Rockies Jersey,45
FAN_0798,Team Cap,250
FAN_0762,Team Cap,35
FAN_0076,Team Cap,45
FAN_0318,Team Cap,250
FAN_0741,Team Cap,250
FAN_1140,Memorabilia,250
FAN_0107,Rockies Jersey,120
FAN_0539,Memorabilia,250
FAN_0053,Memorabilia,250
FAN_0323,Rockies Jersey,45
FAN_0737,Memorabilia,250
FAN_0694,Memorabilia,45
FAN_0230,Rockies Jersey,250
FAN_0256,Rockies Jersey,120
FAN_0583,Rockies Jersey,250
FAN_0132,Program,45
FAN_0538,Team Cap,35
FAN_1175,Rockies Jersey,35
FAN_0669,Rockies Jersey,250
FAN_1183,Memorabilia,35
FAN_0602,Memorabilia,250
FAN_0118,Team Cap,45
FAN_0572,Team Cap,35
FAN_0161,Team Cap,35
FAN_0925,Rockies Jersey,45
FAN_1019,Program,250
FAN_0815,Team Cap,250
FAN_0819,Rockies Jersey,35
FAN_1121,Team Cap,250
FAN_0807,Rockies Jersey,250
FAN_0570,Rockies Jersey,35
FAN_0382,Rockies Jersey,35
FAN_1114,Rockies Jersey,45
FAN_0750,Program,120
FAN_0613,Program,120
FAN_1134,Memorabilia,45
FAN_0082,Rockies Jersey,250
FAN_0178,Program,120
FAN_1095,Team Cap,250
FAN_0286,Rockies Jersey,45
FAN_0697,Rockies Jersey,35
FAN_0213,Program,120
FAN_0791,Team Cap,120
FAN_0903,Memorabilia,250
FAN_0569,Program,35
FAN_0060,Team Cap,45
FAN_0855,Team Cap,45
FAN_0582,Team Cap,120
FAN_0679,Program,120
FAN_0086,Team Cap,45
FAN_0291,Program,45
FAN_0599,Rockies Jersey,45
FAN_0062,Rockies Jersey,35
FAN_0027,Rockies Jersey,120
FAN_0578,Memorabilia,45
FAN_0833,Rockies Jersey,120
FAN_1194,Program,35
FAN_0315,Program,120
FAN_0768,Rockies Jersey,120
FAN_0829,Rockies Jersey,35
FAN_0657,Memorabilia,250
FAN_0875,Memorabilia,250
FAN_0058,Rockies Jersey,45
FAN_0898,Rockies Jersey,45
FAN_0088,Program,35
FAN_0379,Team Cap,250
FAN_0153,Program,250
FAN_0969,Program,45
FAN_0735,Memorabilia,120
FAN_0741,Team Cap,35
FAN_1101,Team Cap,250
FAN_1138,Memorabilia,35
FAN_0532,Memorabilia,35
FAN_1094,Rockies Jersey,35
FAN_0071,Team Cap,45
FAN_0279,Team Cap,120
FAN_0087,Memorabilia,250
FAN_1191,Rockies Jersey,250
FAN_1001,Team Cap,35
FAN_0390,Program,250
FAN_0189,Rockies Jersey,35
FAN_0862,Team Cap,250
FAN_1162,Team Cap,250
FAN_0079,Rockies Jersey,35
FAN_0841,Team Cap,120
FAN_0919,Memorabilia,45
FAN_1137,Program,250
FAN_1048,Program,120
FAN_0645,Team Cap,250
FAN_0469,Memorabilia,45
FAN_0500,Team Cap,120
FAN_0334,Program,45
FAN_0901,Memorabilia,120
FAN_1029,Memorabilia,120
FAN_1008,Rockies Jersey,35
FAN_0220,Memorabilia,120
FAN_0105,Program,250
FAN_0388,Program,250
FAN_1005,Program,120
FAN_1030,Rockies Jersey,250
FAN_0386,Rockies Jersey,35
FAN_1110,Memorabilia,250
FAN_0727,Rockies Jersey,45
FAN_1022,Rockies Jersey,45
FAN_0405,Rockies Jersey,120
FAN_0883,Program,120
FAN_0298,Memorabilia,250
FAN_0975,Program,45
FAN_0011,Memorabilia,35
FAN_0939,Program,120
FAN_0251,Program,250
FAN_0616,Rockies Jersey,45
FAN_0388,Rockies Jersey,250
FAN_0331,Program,250
FAN_0553,Program,250
FAN_0948,Memorabilia,250
FAN_0745,Program,250
FAN_0474,Team Cap,120
FAN_0243,Rockies Jersey,45
FAN_0212,Team Cap,45
FAN_0543,Memorabilia,35
FAN_0412,Rockies Jersey,45
FAN_0610,Rockies Jersey,35
FAN_0444,Team Cap,120
FAN_1102,Program,250
FAN_0733,Program,120
FAN_0818,Team Cap,250
FAN_1107,Program,250
FAN_0727,Rockies Jersey,35
FAN_0230,Team Cap,45
FAN_0285,Rockies Jersey,250
FAN_0910,Rockies Jersey,35
FAN_0046,Rockies Jersey,120
FAN_0300,Rockies Jersey,45
FAN_0373,Team Cap,250
FAN_1159,Memorabilia,35
FAN_0151,Team Cap,45
FAN_0412,Team Cap,250
FAN_0778,Rockies Jersey,120
FAN_0566,Rockies Jersey,35
FAN_0009,Team Cap,35
FAN_0457,Memorabilia,45
FAN_0217,Rockies Jersey,250
FAN_0865,Program,35
FAN_0377,Team Cap,120
FAN_1010,Memorabilia,250
FAN_1036,Memorabilia,120
FAN_0121,Program,120
FAN_0731,Rockies Jersey,45
FAN_0935,Team Cap,35
FAN_0591,Memorabilia,35
FAN_0026,Team Cap,35
FAN_0880,Rockies Jersey,45
FAN_0722,Memorabilia,250
FAN_1050,Team Cap,250
FAN_0295,Program,250
FAN_1014,Program,45
FAN_0901,Program,45
FAN_0066,Memorabilia,35
FAN_1092,Program,45
FAN_0123,Team Cap,35
FAN_0693,Rockies Jersey,120
FAN_0875,Team Cap,120
FAN_0576,Memorabilia,250
FAN_0186,Memorabilia,120
FAN_0674,Rockies Jersey,45
FAN_0646,Memorabilia,45
FAN_0724,Team Cap,45
FAN_0843,Memorabilia,250
FAN_0771,Memorabilia,45
FAN_0747,Program,35
FAN_0655,Program,120
FAN_1179,Memorabilia,120
FAN_0457,Team Cap,250
FAN_0444,Team Cap,45
FAN_0902,Rockies Jersey,250
FAN_0210,Rockies Jersey,45
FAN_0975,Memorabilia,250
FAN_0260,Team Cap,45
FAN_0946,Program,120
FAN_0006,Rockies Jersey,120
FAN_0022,Rockies Jersey,35
FAN_1138,Team Cap,35
FAN_1113,Program,120
FAN_1034,Program,45
FAN_0956,Team Cap,250
FAN_0589,Program,250
FAN_0218,Memorabilia,120
FAN_0517,Team Cap,250
FAN_0289,Memorabilia,250
FAN_0605,Program,45
FAN_0087,Rockies Jersey,45
FAN_0654,Team Cap,35
FAN_1062,Rockies Jersey,250
FAN_1197,Program,120
FAN_0775,Team Cap,35
FAN_0220,Memorabilia,35
FAN_0143,Memorabilia,45
FAN_0424,Memorabilia,120
FAN_0934,Rockies Jersey,120
FAN_1175,Program,35
FAN_1192,Team Cap,45
FAN_0686,Team Cap,35
FAN_0509,Memorabilia,45
FAN_1075,Rockies Jersey,120
FAN_0809,Memorabilia,250
FAN_0223,Memorabilia,120
FAN_0588,Memorabilia,45
FAN_0396,Team Cap,120
FAN_0826,Program,35
FAN_1191,Rockies Jersey,35
FAN_0314,Rockies Jersey,45
FAN_0487,Team Cap,250
FAN_0288,Memorabilia,120
FAN_0973,Rockies Jersey,35
FAN_0761,Team Cap,35
FAN_0410,Program,45
FAN_0896,Program,120
FAN_0461,Rockies Jersey,35
FAN_0700,Rockies Jersey,250
FAN_0609,Team Cap,35
FAN_0033,Rockies Jersey,35
FAN_0925,Program,35
FAN_0580,Team Cap,120
FAN_0051,Rockies Jersey,120
FAN_1142,Memorabilia,35
FAN_0650,Rockies Jersey,35
FAN_0989,Rockies Jersey,45
FAN_0789,Program,250
FAN_0451,Program,35
FAN_0606,Memorabilia,35
FAN_1189,Memorabilia,120
FAN_1185,Memorabilia,45
FAN_0220,Team Cap,35
FAN_1121,Memorabilia,45
FAN_0709,Memorabilia,120
FAN_0822,Program,250
FAN_1150,Team Cap,35
FAN_0432,Rockies Jersey,35
FAN_0335,Program,35
FAN_1164,Rockies Jersey,45
FAN_0839,Program,45
FAN_0525,Memorabilia,45
FAN_0053,Team Cap,45
FAN_0050,Team Cap,250
FAN_0650,Program,120
FAN_0915,Memorabilia,45
FAN_0391,Memorabilia,35
FAN_1095,Memorabilia,120
FAN_0680,Memorabilia,250
FAN_0823,Rockies Jersey,120
FAN_0559,Team Cap,45
FAN_0296,Memorabilia,35
FAN_0983,Rockies Jersey,45
FAN_1171,Rockies Jersey,35
FAN_0440,Program,45
FAN_1059,Program,250
FAN_0376,Program,45
FAN_0987,Team Cap,120
FAN_1006,Rockies Jersey,45
FAN_0696,Team Cap,250
FAN_0254,Rockies Jersey,120
FAN_0090,Program,45
FAN_0150,Rockies Jersey,120
FAN_1148,Team Cap,45
FAN_0918,Memorabilia,45
FAN_0078,Rockies Jersey,35
FAN_0061,Rockies Jersey,35
FAN_0263,Program,35
FAN_1096,Team Cap,45
FAN_0606,Rockies Jersey,45
FAN_0921,Memorabilia,35
FAN_0789,Rockies Jersey,250
FAN_0979,Team Cap,45
FAN_0320,Rockies Jersey,45
FAN_1026,Program,250
FAN_1181,Rockies Jersey,120
FAN_0003,Program,120
FAN_0389,Program,45
FAN_0277,Program,250
FAN_0229,Memorabilia,120
FAN_0969,Rockies Jersey,120
FAN_1142,Rockies Jersey,45
FAN_0189,Program,250
FAN_1057,Team Cap,120
FAN_0606,Team Cap,250
FAN_0552,Program,250
FAN_1084,Program,120
FAN_0789,Rockies Jersey,120
FAN_0656,Memorabilia,120
FAN_1175,Team Cap,250
FAN_0858,Team Cap,250
FAN_0615,Memorabilia,45
FAN_1145,Memorabilia,35
FAN_0576,Rockies Jersey,250
FAN_0154,Team Cap,120
FAN_0828,Memorabilia,45
FAN_0747,Memorabilia,45
FAN_0756,Team Cap,120
FAN_0243,Team Cap,35
FAN_0548,Rockies Jersey,250
FAN_0274,Rockies Jersey,35
FAN_0476,Memorabilia,250
FAN_0630,Team Cap,35
FAN_0065,Memorabilia,120
FAN_0745,Team Cap,250
FAN_0857,Program,250
FAN_0085,Rockies Jersey,45
FAN_0258,Program,45
FAN_0118,Team Cap,45
FAN_0929,Program,120
FAN_0433,Program,45
FAN_0602,Team Cap,45
FAN_0792,Program,45
FAN_0776,Rockies Jersey,250
FAN_0655,Team Cap,120
FAN_1075,Team Cap,120
FAN_0386,Rockies Jersey,250
FAN_1189,Program,120
FAN_0155,Memorabilia,250
FAN_0744,Memorabilia,250
FAN_0512,Memorabilia,35
FAN_0371,Rockies Jersey,120
FAN_0594,Team Cap,45
FAN_0639,Memorabilia,250
FAN_1053,Rockies Jersey,45
FAN_0270,Memorabilia,45
FAN_0673,Rockies Jersey,120
FAN_1192,Team Cap,120
FAN_1153,Memorabilia,35
FAN_0011,Program,120
FAN_0484,Memorabilia,45
FAN_0218,Team Cap,250
FAN_0994,Program,120
FAN_1051,Memorabilia,45
FAN_0885,Memorabilia,120
FAN_0592,Memorabilia,250
FAN_0470,Memorabilia,35
FAN_0751,Team Cap,35
FAN_0568,Team Cap,35
FAN_0850,Memorabilia,120
FAN_0784,Rockies Jersey,45
FAN_0691,Program,45
FAN_0054,Rockies Jersey,45
FAN_0477,Memorabilia,35
FAN_1183,Team Cap,120
FAN_0154,Team Cap,35
FAN_1198,Rockies Jersey,35
FAN_0939,Team Cap,250
FAN_0069,Program,45
FAN_0817,Rockies Jersey,120
FAN_0535,Rockies Jersey,35
FAN_0677,Team Cap,35
FAN_0094,Memorabilia,45
FAN_0792,Team Cap,250
FAN_0466,Rockies Jersey,120
FAN_0646,Rockies Jersey,45
FAN_0589,Program,250
FAN_0386,Program,250
FAN_0700,Team Cap,250
FAN_0428,Team Cap,45
FAN_0836,Program,120
FAN_0920,Program,45
FAN_1155,Memorabilia,250
FAN_0065,Rockies Jersey,45
FAN_0684,Program,250
FAN_1187,Team Cap,35
FAN_0444,Program,250
FAN_0254,Team Cap,120
FAN_0330,Memorabilia,35
FAN_0303,Team Cap,35
FAN_0273,Memorabilia,35
FAN_1026,Team Cap,120
FAN_0820,Rockies Jersey,250
FAN_0220,Rockies Jersey,250
FAN_1084,Program,120
FAN_0662,Program,250
FAN_0700,Rockies Jersey,120
FAN_0077,Memorabilia,120
FAN_0995,Memorabilia,35
FAN_0353,Program,35
FAN_0281,Program,120
FAN_0758,Rockies Jersey,120
FAN_0923,Memorabilia,120
FAN_0580,Memorabilia,250
FAN_0265,Team Cap,45
FAN_1145,Memorabilia,120
FAN_0286,Team Cap,120
FAN_1019,Program,35
FAN_0456,Memorabilia,35
FAN_1194,Team Cap,45
FAN_0446,Team Cap,35
FAN_1071,Rockies Jersey,35
FAN_0295,Memorabilia,250
FAN_0268,Program,120
FAN_0186,Program,45
FAN_1072,Memorabilia,120
FAN_0745,Rockies Jersey,120
FAN_0407,Program,45
FAN_0253,Program,250
FAN_0543,Program,250
FAN_0328,Program,45
FAN_0134,Rockies Jersey,35
FAN_0952,Program,120
FAN_1048,Rockies Jersey,45
FAN_0207,Team Cap,35
FAN_0995,Rockies Jersey,45
FAN_0599,Program,250
FAN_0515,Team Cap,250
FAN_0849,Program,120
FAN_0370,Rockies Jersey,45
FAN_0502,Program,120
FAN_0167,Rockies Jersey,35
FAN_0076,Team Cap,250
FAN_0981,Team Cap,120
FAN_0914,Program,250
FAN_1002,Memorabilia,120
FAN_0862,Memorabilia,45
FAN_0271,Program,250
FAN_0530,Program,45
FAN_1028,Program,250
FAN_0135,Rockies Jersey,45
FAN_1183,Program,120
FAN_1173,Rockies Jersey,45
FAN_0412,Rockies Jersey,120
